"Apple iPhone SE (White, 128 GB) (Includes EarPods, Power Adapter)","36,999","1,02,248 Ratings & 8,684 Reviews"
"APPLE iPhone SE (White, 64 GB)","31,999","1,02,248 Ratings & 8,684 Reviews"
"Apple iPhone SE (White, 64 GB) (Includes EarPods, Power Adapter)","31,999","1,02,248 Ratings & 8,684 Reviews"
"APPLE iPhone SE (Black, 64 GB)","31,999","1,02,248 Ratings & 8,684 Reviews"
"Apple iPhone SE (White, 128 GB) (Includes EarPods, Power Adapter)","36,999","1,02,248 Ratings & 8,684 Reviews"
"APPLE iPhone 7 Plus (Black, 32 GB)","36,999","29,637 Ratings & 3,019 Reviews"
"APPLE iPhone SE (White, 128 GB)","36,999","1,02,248 Ratings & 8,684 Reviews"
"APPLE iPhone SE (Red, 128 GB)","36,999","1,02,248 Ratings & 8,684 Reviews"
"APPLE iPhone SE (Black, 128 GB)","36,999","1,02,248 Ratings & 8,684 Reviews"
"Apple iPhone XR ((PRODUCT)RED, 64 GB) (Includes EarPods, Power Adapter)","40,999","85,346 Ratings & 7,268 Reviews"
"APPLE iPhone XR (Black, 64 GB)","40,999","85,346 Ratings & 7,268 Reviews"
"Apple iPhone XR (Black, 128 GB) (Includes EarPods, Power Adapter)","45,999","85,346 Ratings & 7,268 Reviews"
"Apple iPhone XR (Yellow, 128 GB) (Includes EarPods, Power Adapter)","45,999","85,346 Ratings & 7,268 Reviews"
"APPLE iPhone XR (White, 128 GB)","45,999","85,346 Ratings & 7,268 Reviews"
"Apple iPhone XR (White, 128 GB) (Includes EarPods, Power Adapter)","45,999","85,346 Ratings & 7,268 Reviews"
"Apple iPhone XR ((PRODUCT)RED, 128 GB) (Includes EarPods, Power Adapter)","45,999","85,346 Ratings & 7,268 Reviews"
"Apple iPhone SE (White, 256 GB) (Includes EarPods, Power Adapter)","46,999","1,02,248 Ratings & 8,684 Reviews"
"Apple iPhone SE (Black, 256 GB) (Includes EarPods, Power Adapter)","46,999","1,02,248 Ratings & 8,684 Reviews"
"APPLE iPhone 8 Plus (Silver, 64 GB)","49,900","3,435 Ratings & 354 Reviews"
"APPLE iPhone 8 Plus (Space Grey, 64 GB)","49,900","3,435 Ratings & 354 Reviews"
"APPLE iPhone 8 Plus (Gold, 64 GB)","49,900","3,435 Ratings & 354 Reviews"
"APPLE iPhone 11 (Red, 64 GB)","49,999","59,650 Ratings & 4,572 Reviews"
"APPLE iPhone 11 (Purple, 64 GB)","49,999","59,650 Ratings & 4,572 Reviews"
"APPLE iPhone 11 (Black, 64 GB)","49,999","59,650 Ratings & 4,572 Reviews"
"Device Details","Price","Ratings"
